{
    "assesmentType": "interest",
    "questions": [
        {
            "questionNumber": 1,
            "paragraph": "Media and Communication is dispersing information to a large number of people. I’ll like to disperse info by ",
            "answer": {
                "optionNumber": "",
                "option": ""
            }
        },
        {
            "questionNumber": 2,
            "paragraph": "Product Design of an executable idea or concept into a marketable product is to satisfy the aesthetic needs. I’ll like to design",
            "answer": {
                "optionNumber": "",
                "option": ""
            }
        },
        {
            "questionNumber": 3,
            "paragraph": " Performing Arts includes forms of creative or strenuous activity that are performed in front of an audience. I like to",
            "answer": {
                "optionNumber": "",
                "option": ""
            }
        },
        {
            "questionNumber": 4,
            "paragraph": "Applied Arts is design and decoration to everyday objects to make them aesthetically pleasing. I like to",
            "answer": {
                "optionNumber": "",
                "option": ""
            }
        },
        {
            "questionNumber": 5,
            "paragraph": "Agricultural involves the study of soil, animals, plants,developing tools and techniques to increase the quality and quantity of agricultural and livestock produce, including food processing. I would like to",
            "answer": {
                "optionNumber": "",
                "option": ""
            }
        },
        {
            "questionNumber": 7,
            "paragraph": "Architecture and Construction involves work on buildings and other structures, including highways, bridges, houses, and buildings, create the designs or plans for new structures, use the plans to build it or manage the workers on the project. I would like to",
            "answer": {
                "optionNumber": "",
                "option": ""
            }
        },
        {
            "questionNumber": 8,
            "paragraph": "Business Management and Administration focuses on planning, execution, analysis and supervision of business processes. I would like to",
            "answer": {
                "optionNumber": "",
                "option": ""
            }
        },
        {
            "questionNumber": 9,
            "paragraph": " Sales and Marketing involves",
            "answer": {
                "optionNumber": "",
                "option": ""
            }
        },
        {
            "questionNumber": 10,
            "paragraph": "Education and Training processes include facilitating learning, or the acquisition of knowledge, skills, values, beliefs, and habits. I would like to",
            "answer": {
                "optionNumber": "",
                "option": ""
            }
        },
        {
            "questionNumber": 1,
            "paragraph": "Physical Science deals with the study of nature and properties of non-living matter and energy. It is a broad discipline concerned with natural resources, including Physics, Chemistry, astronomy, earth sciences, geology, ocean, etc. I would like to",
            "answer": {
                "optionNumber": "",
                "option": ""
            }
        },
        {
            "questionNumber": 12,
            "paragraph": "Mathematics and Data Science uses mathematical and scientific methods, processes, algorithms and systems to extract knowledge and insights from structured and unstructured data/numbers",
            "answer": {
                "optionNumber": "",
                "option": ""
            }
        },
        {
            "questionNumber": 13,
            "paragraph": "the para",
            "answer": {
                "optionNumber": "",
                "option": ""
            }
        },
        {
            "questionNumber": 14,
            "paragraph": " IT and Software involves",
            "answer": {
                "optionNumber": "",
                "option": ""
            }
        },
        {
            "questionNumber": 15,
            "paragraph": "Social Science is a category of academic disciplines concerned with society and the relationships among individuals within a society. I would like to",
            "answer": {
                "optionNumber": "",
                "option": ""
            }
        },
        {
            "questionNumber": 16,
            "paragraph": " A career in Medical Science include research and curing patients and animals using various scientific methods ",
            "answer": {
                "optionNumber": "",
                "option": ""
            }
        },
        {
            "questionNumber": 17,
            "paragraph": "Allied health professionals aim to prevent, diagnose and treat a range of conditions and illnesses and often work within a multidisciplinary health team to provide the best patient outcomes",
            "answer": {
                "optionNumber": "",
                "option": ""
            }
        },
        {
            "questionNumber": 18,
            "paragraph": "Law and Public Safety refers to the welfare and protection of the general public. It is usually expressed as a governmental responsibility. I would like to ",
            "answer": {
                "optionNumber": "",
                "option": ""
            }
        },
        {
            "questionNumber": 19,
            "paragraph": "the para",
            "answer": {
                "optionNumber": "",
                "option": ""
            }
        },
        {
            "questionNumber": 20,
            "paragraph": "the para",
            "answer": {
                "optionNumber": "",
                "option": ""
            }
        },
        {
            "questionNumber": 21,
            "paragraph": "the para",
            "answer": {
                "optionNumber": "",
                "option": ""
            }
        },
        {
            "questionNumber": 22,
            "paragraph": "Travel, Tourism, and Hospitality is the industry comprising business entity of food, beverages, lodging or a combination of these businesses to travellers during their stay in a destination. I would like to",
            "answer": {
                "optionNumber": "",
                "option": ""
            }
        },
        {
            "questionNumber": 23,
            "paragraph": "Human services is an interdisciplinary field of study with the objective of meeting human needs through an applied knowledge base, focusing on prevention as well as remediation of problems, and maintaining a commitment to improving the overall quality of life of service populations.",
            "answer": {
                "optionNumber": "",
                "option": ""
            }
        },
        {
            "questionNumber": 24,
            "paragraph": "Sports",
            "answer": {
                "optionNumber": "",
                "option": ""
            }
        },
        {
            "questionNumber": 25,
            "paragraph": "Defense is charged with coordinating and supervising all agencies and functions of the government relating directly to national security and the Indian armed forces. I would like to",
            "answer": {
                "optionNumber": "",
                "option": ""
            } 
    }
]
}