{
    "assesmentType": "type not provided",
    "instructions": "these are instructions",
    "questions": [
        {
            "questionNumber": 1,
            "paragraph": "working through hands with real world materials, using & operating machines, objects, tools, plants & animals in order to solve real world problems in the surrounding. generally in a practical manner. in outdoor and physical environment.",
            "questionSet": [
                {
                    "questionNumber": 1,
                    "question": "activities that require strength & coordination"
                },
                {
                    "questionNumber": 2,
                    "question": "driving"
                },
                {
                    "questionNumber": 3,
                    "question": "playing with gadgets"
                },
                {
                    "questionNumber": 4,
                    "question": "repairing and fixing"
                },
                {
                    "questionNumber": 5,
                    "question": "doing puzzles/ word game"
                },
                {
                    "questionNumber": 6,
                    "question": "building"
                },
                {
                    "questionNumber": 7,
                    "question": "camping and trekking"
                },
                {
                    "questionNumber": 8,
                    "question": "assembling"
                },
                {
                    "questionNumber": 9,
                    "question": "caring for animals & plants"
                },
                {
                    "questionNumber": 10,
                    "question": "playing a sport"
                }
            ]
        },
        {
            "questionNumber": 2,
            "paragraph": "working through brain with logics & concepts, information, abstract ideas and theories in order to discover ideas , ask questions, solve problems. generally in a scholarly and reserved way in a well organized and analytical environment.",
            "questionSet": [
                {
                    "questionNumber": 1,
                    "question": "figuring out problems on mental level"
                },
                {
                    "questionNumber": 2,
                    "question": "doing research"
                },
                {
                    "questionNumber": 3,
                    "question": "thinking analytically and logically"
                },
                {
                    "questionNumber": 4,
                    "question": "computing and formulating"
                },
                {
                    "questionNumber": 5,
                    "question": "calculating"
                },
                {
                    "questionNumber": 6,
                    "question": "explore different ideas"
                },
                {
                    "questionNumber": 7,
                    "question": "investigating and questioning to learn more"
                },
                {
                    "questionNumber": 8,
                    "question": "search for facts"
                },
                {
                    "questionNumber": 9,
                    "question": "evaluating situation"
                },
                {
                    "questionNumber": 10,
                    "question": "observing"
                }
            ]
        },
        {
            "questionNumber": 3,
            "paragraph": "working through your imagination and creativity, with words, art, music & drama, forms, patterns & design in order to to express (artistically), perform, communicate, design or create things. generally in unstructures setups and in anemotional or expressive way.",
            "questionSet": [
                {
                    "questionNumber": 1,
                    "question": "performing"
                },
                {
                    "questionNumber": 2,
                    "question": "designing"
                },
                {
                    "questionNumber": 3,
                    "question": "presenting"
                },
                {
                    "questionNumber": 4,
                    "question": "rearranging"
                },
                {
                    "questionNumber": 5,
                    "question": "composing"
                },
                {
                    "questionNumber": 6,
                    "question": "playing instrument/ music/ singing"
                },
                {
                    "questionNumber": 7,
                    "question": "dancing"
                },
                {
                    "questionNumber": 8,
                    "question": "reading"
                },
                {
                    "questionNumber": 9,
                    "question": "decorate"
                },
                {
                    "questionNumber": 10,
                    "question": "take photographs"
                }
            ]
        },
        {
            "questionNumber": 4,
            "paragraph": "working with people, helping them in order to enlighten, inform, serve or greet them. mainly concerned with welfare of others, assisting others to promote learning & personal growth, in a compassionate and friendly way and warm and supportive environment.",
            "questionSet": [
                {
                    "questionNumber": 1,
                    "question": "volunteer for a social work"
                },
                {
                    "questionNumber": 2,
                    "question": "caring and supporting"
                },
                {
                    "questionNumber": 3,
                    "question": "work with youth & elderly"
                },
                {
                    "questionNumber": 4,
                    "question": "greeting people"
                },
                {
                    "questionNumber": 5,
                    "question": "assisting/ helping"
                },
                {
                    "questionNumber": 6,
                    "question": "guiding/ teaching/ training"
                },
                {
                    "questionNumber": 7,
                    "question": "studying other cultures"
                },
                {
                    "questionNumber": 8,
                    "question": "attending events"
                },
                {
                    "questionNumber": 9,
                    "question": "making new friends"
                },
                {
                    "questionNumber": 10,
                    "question": "make people laugh"
                }
            ]
        },
        {
            "questionNumber": 5,
            "paragraph": "working with people, through your mind in an influential way in order to to direct, persuade, lead, perform or manage people for organisational goals or economic gain. generally in a business and action oriented environment, in an adventurous, outgoing and energetic manner.",
            "questionSet": [
                {
                    "questionNumber": 1,
                    "question": "promoting and persuading/convincing"
                },
                {
                    "questionNumber": 2,
                    "question": "buying and selling"
                },
                {
                    "questionNumber": 3,
                    "question": "public speaking"
                },
                {
                    "questionNumber": 4,
                    "question": "managing and organizing"
                },
                {
                    "questionNumber": 5,
                    "question": "leading and captaining"
                },
                {
                    "questionNumber": 6,
                    "question": "planning/ strategizing"
                },
                {
                    "questionNumber": 7,
                    "question": "risk-taking for profit"
                },
                {
                    "questionNumber": 8,
                    "question": "debating an issue"
                },
                {
                    "questionNumber": 9,
                    "question": "taking charge/ inititate/ start"
                },
                {
                    "questionNumber": 10,
                    "question": "making decisions"
                }
            ]
        },
        {
            "questionNumber": 6,
            "paragraph": "working with data, details, information and numbers through your mind (analyzing and organizing) in order to structurize things, doing things in details, planning work & events. generally in an environment with set rules and clear line of authority, in a careful, conforming, little or no imaginative, well organised manner.",
            "questionSet": [
                {
                    "questionNumber": 1,
                    "question": "recording data/ keyboarding"
                },
                {
                    "questionNumber": 2,
                    "question": "doing calculations/ computing"
                },
                {
                    "questionNumber": 3,
                    "question": "handling money"
                },
                {
                    "questionNumber": 4,
                    "question": "organizing"
                },
                {
                    "questionNumber": 5,
                    "question": "structuring plans"
                },
                {
                    "questionNumber": 6,
                    "question": "working in a routine ( 9am to 5pm)"
                },
                {
                    "questionNumber": 7,
                    "question": "following rules & regulations"
                },
                {
                    "questionNumber": 8,
                    "question": "do paper work"
                },
                {
                    "questionNumber": 9,
                    "question": "keeping records/ notes"
                },
                {
                    "questionNumber": 10,
                    "question": "working at desk"
                }
            ]
        }
    ]
}