﻿{
  "assesmentType": "problemSensitivity",
  "instructions": "When making important decisions, it is useful to be able to distinguish between a strong argument and a weak argument. A strong argument is both important and directly related to the question. A weak argument is not directly related to the question, or is of minor importance or may be related to a trivial aspect of the question, or confuses correlation with causation (incorrectly assuming that because two things are related, they cause each other to happen).In this section, a statement is presented to you with an agreeing or disagreeing argument below. You must regard each argument as true, regardless whether it is weak or strong, agrees or disagrees with the statement. The first and second statements will have three arguments each and the third statement will have only two arguments.If you consider an argument to be strong, select Strong argument, or if you consider an argument to be weak, select Weak argument. Judge each question and argument individually. Try not to take into account individual opinion or general knowledge since each argument is considered to be true.",
  "questions": [
    {
      "questionNumber": "1",
      "paragraph": "Should companies downsize their workforces to decrease expenses and maximise profits?",
      "questionSet": [
        {
          "questionNumber": "1",
          "question": "Argument One: Yes, downsizing will protect the company from bankruptcy in hard economic times.",
          "options": [
            {
              "optionNumber": "1",
              "option": "Strong Argument"
            },
            {
              "optionNumber": "2",
              "option": "Weak Argument"
            }
          ]
        },
        {
          "questionNumber": "2",
          "question": "Argument Two: Yes, companies have no obligation to employ more people than it can handle.",
          "options": [
            {
              "optionNumber": "1",
              "option": "Strong Argument"
            },
            {
              "optionNumber": "2",
              "option": "Weak Argument"
            }
          ]
        },
        {
          "questionNumber": "3",
          "question": "Argument Three: No, downsizing leads to demoralisation of the workforce and causes a drop in employee productivity.",
          "options": [
            {
              "optionNumber": "1",
              "option": "Strong Argument"
            },
            {
              "optionNumber": "2",
              "option": "Weak Argument"
            }
          ]
        },
        {
          "questionNumber": "4",
          "question": "Argument Four: Yes, companies which have no control over the size of their workforce will be highly vulnerable to economic climates and market changes.",
          "options": [
            {
              "optionNumber": "1",
              "option": "Strong Argument"
            },
            {
              "optionNumber": "2",
              "option": "Weak Argument"
            }
          ]
        }
      ]
    },
    {
      "questionNumber": "2",
      "paragraph": "Should university-level education be free to all students?",
      "questionSet": [
        {
          "questionNumber": "1",
          "question": "Argument One: No, too much education can lead to over-qualification, and therefore unemployment.",
          "options": [
            {
              "optionNumber": "1",
              "option": "Strong Argument"
            },
            {
              "optionNumber": "2",
              "option": "Weak Argument"
            }
          ]
        },
        {
          "questionNumber": "2",
          "question": "Argument Two: Yes, having a highly qualified workforce ensures high levels of employee productivity in organisations.",
          "options": [
            {
              "optionNumber": "1",
              "option": "Strong Argument"
            },
            {
              "optionNumber": "2",
              "option": "Weak Argument"
            }
          ]
        },
        {
          "questionNumber": "3",
          "question": "Argument Three: No, research has shown that students that are not required to pay tuition fees tend to slack off more and learn less during their degree.",
          "options": [
            {
              "optionNumber": "1",
              "option": "Strong Argument"
            },
            {
              "optionNumber": "2",
              "option": "Weak Argument"
            }
          ]
        }
      ]
    },
    {
      "questionNumber": "3",
      "paragraph": "Should employers allow all staff the option of flexi-time working hours?",
      "questionSet": [
        {
          "questionNumber": "1",
          "question": "Argument One: Yes, giving greater flexibility will improve their work-life balance, and therefore their productivity.",
          "options": [
            {
              "optionNumber": "1",
              "option": "Strong Argument"
            },
            {
              "optionNumber": "2",
              "option": "Weak Argument"
            }
          ]
        },
        {
          "questionNumber": "2",
          "question": "Argument Two: Yes, organisation that value their staff are on average more productive and show lower staff turnover.",
          "options": [
            {
              "optionNumber": "1",
              "option": "Strong Argument"
            },
            {
              "optionNumber": "2",
              "option": "Weak Argument"
            }
          ]
        },
        {
          "questionNumber": "3",
          "question": "Argument Three: No, flexi-time leads to employees working fewer hours. Working fewer hours will decrease an employee’s exposure to the workplace, making career progression harder and leading to a less experienced workforce.",
          "options": [
            {
              "optionNumber": "1",
              "option": "Strong Argument"
            },
            {
              "optionNumber": "2",
              "option": "Weak Argument"
            }
          ]
        }
      ]
    },
    {
      "questionNumber": "4",
      "paragraph": "Should governments implement a minimum wage, outlining a minimum amount an employee is to be paid per hour?",
      "questionSet": [
        {
          "questionNumber": "1",
          "question": "Argument One: Yes, the existence of minimum wages is a key part of a civilised society.",
          "options": [
            {
              "optionNumber": "1",
              "option": "Strong Argument"
            },
            {
              "optionNumber": "2",
              "option": "Weak Argument"
            }
          ]
        },
        {
          "questionNumber": "2",
          "question": "Argument Two: Yes, countries that do not have a minimum wage are often impoverished and dysfunctional.",
          "options": [
            {
              "optionNumber": "1",
              "option": "Strong Argument"
            },
            {
              "optionNumber": "2",
              "option": "Weak Argument"
            }
          ]
        },
        {
          "questionNumber": "3",
          "question": "Argument Three: No, minimum wage leads to under-employment by forcing companies to take on staff part-time, as they cannot afford to hire them on a full-time basis.",
          "options": [
            {
              "optionNumber": "1",
              "option": "Strong Argument"
            },
            {
              "optionNumber": "2",
              "option": "Weak Argument"
            }
          ]
        }
      ]
    },
    {
      "questionNumber": "5",
      "paragraph": "Should banks and financial institutions be obligated to engage in socially-responsible investing?",
      "questionSet": [
        {
          "questionNumber": "1",
          "question": "Argument One: Yes, engaging in socially responsible investing leads to a happier and more fulfilled workforce compared to banks which do not engage in socially-responsible investing.",
          "options": [
            {
              "optionNumber": "1",
              "option": "Strong Argument"
            },
            {
              "optionNumber": "2",
              "option": "Weak Argument"
            }
          ]
        },
        {
          "questionNumber": "2",
          "question": "Argument Two: No, banks are for-profit institutions and have no obligation to social issues.",
          "options": [
            {
              "optionNumber": "1",
              "option": "Strong Argument"
            },
            {
              "optionNumber": "2",
              "option": "Weak Argument"
            }
          ]
        },
        {
          "questionNumber": "3",
          "question": "Argument Three: No, focusing on social responsibility detracts from the aim of making money, which is the most important endeavour for banks, and leads to a decrease in revenue and profit.",
          "options": [
            {
              "optionNumber": "1",
              "option": "Strong Argument"
            },
            {
              "optionNumber": "2",
              "option": "Weak Argument"
            }
          ]
        },
        {
          "questionNumber": "4",
          "question": "Argument Four: No, over-regulation in the financial sector leads to decreased opportunities and therefore lower profits.",
          "options": [
            {
              "optionNumber": "1",
              "option": "Strong Argument"
            },
            {
              "optionNumber": "2",
              "option": "Weak Argument"
            }
          ]
        }
      ]
    },
    {
      "questionNumber": "6",
      "paragraph": "Should all members of the European Union join the Eurozone and adopt the euro?",
      "questionSet": [
        {
          "questionNumber": "1",
          "question": "Argument One: No, countries may find it difficult to adapt to a new currency.",
          "options": [
            {
              "optionNumber": "1",
              "option": "Strong Argument"
            },
            {
              "optionNumber": "2",
              "option": "Weak Argument"
            }
          ]
        },
        {
          "questionNumber": "2",
          "question": "Argument Two: Yes, the function of the European Union is to form a single currency union.",
          "options": [
            {
              "optionNumber": "1",
              "option": "Strong Argument"
            },
            {
              "optionNumber": "2",
              "option": "Weak Argument"
            }
          ]
        },
        {
          "questionNumber": "3",
          "question": "Argument Three: Yes, greater economic unity between countries improves foreign relations between those member countries, which in turn make each country stronger.",
          "options": [
            {
              "optionNumber": "1",
              "option": "Strong Argument"
            },
            {
              "optionNumber": "2",
              "option": "Weak Argument"
            }
          ]
        },
        {
          "questionNumber": "4",
          "question": "Argument Four: No, instability of one Eurozone country could cause the whole Eurozone to become unstable, disrupting the economies of all countries that use the euro.",
          "options": [
            {
              "optionNumber": "1",
              "option": "Strong Argument"
            },
            {
              "optionNumber": "2",
              "option": "Weak Argument"
            }
          ]
        }
      ]
    }
      ]
}