[
    {
        "assesmentType": "flexibilityOfClosure",
        "questions": [{
            "questionNumber": "28",
            "question": "https://myways-test-questions.s3.ap-south-1.amazonaws.com/mathematicalReasoning/28.PNG"
        },
        {
            "questionNumber": "29",
            "question": "https://myways-test-questions.s3.ap-south-1.amazonaws.com/mathematicalReasoning/29.PNG"
        }]
    },
    {
        "assesmentType": "informationOrdering",
        "questions": [
            {
                "questionNumber": "28",
                "question": "https://myways-test-questions.s3.ap-south-1.amazonaws.com/mathematicalReasoning/28.PNG"
            },
            {
                "questionNumber": "29",
                "question": "https://myways-test-questions.s3.ap-south-1.amazonaws.com/mathematicalReasoning/29.PNG"
            }
        ]
    },
    {
        "assesmentType": "visualization",
        "questions": [
            {
                "questionNumber": "28",
                "question": "https://myways-test-questions.s3.ap-south-1.amazonaws.com/mathematicalReasoning/28.PNG"
            },
            {
                "questionNumber": "29",
                "question": "https://myways-test-questions.s3.ap-south-1.amazonaws.com/mathematicalReasoning/29.PNG"
            }
        ]
    },
    {
        "assesmentType": "spatialOrientation",
        "questions": []
    },
    {
        "assesmentType": "science",
        "questions": []
    },
    {
        "assesmentType": "deductiveReasoning",
        "questions": [
            {
                "questionNumber": "28",
                "question": "https://myways-test-questions.s3.ap-south-1.amazonaws.com/mathematicalReasoning/28.PNG"
            },
            {
                "questionNumber": "29",
                "question": "https://myways-test-questions.s3.ap-south-1.amazonaws.com/mathematicalReasoning/29.PNG"
            }
        ]
    },
    {
        "assesmentType": "inductiveReasoning",
        "questions": []
    },
    {
        "assesmentType": "problemSensitivity",
        "questions": []
    },
    {
        "assesmentType": "categoryFlexibility",
        "questions": []
    },
    {
        "assesmentType": "technical",
        "questions": []
    },
    {
        "assesmentType": "mathematicalReasoning",
        "questions": [
            {
                "questionNumber": "1",
                "question": "https://myways-test-questions.s3.ap-south-1.amazonaws.com/mathematicalReasoning/1.PNG"
            },
            {
                "questionNumber": "2",
                "question": "https://myways-test-questions.s3.ap-south-1.amazonaws.com/mathematicalReasoning/2.PNG"
            },
            {
                "questionNumber": "3",
                "question": "https://myways-test-questions.s3.ap-south-1.amazonaws.com/mathematicalReasoning/3.PNG"
            },
            {
                "questionNumber": "4",
                "question": "https://myways-test-questions.s3.ap-south-1.amazonaws.com/mathematicalReasoning/4.PNG"
            },
            {
                "questionNumber": "5",
                "question": "https://myways-test-questions.s3.ap-south-1.amazonaws.com/mathematicalReasoning/5.PNG"
            },
            {
                "questionNumber": "6",
                "question": "https://myways-test-questions.s3.ap-south-1.amazonaws.com/mathematicalReasoning/6.PNG"
            },
            {
                "questionNumber": "7",
                "question": "https://myways-test-questions.s3.ap-south-1.amazonaws.com/mathematicalReasoning/7.PNG"
            },
            {
                "questionNumber": "8",
                "question": "https://myways-test-questions.s3.ap-south-1.amazonaws.com/mathematicalReasoning/8.PNG"
            },
            {
                "questionNumber": "9",
                "question": "https://myways-test-questions.s3.ap-south-1.amazonaws.com/mathematicalReasoning/9.PNG"
            },
            {
                "questionNumber": "10",
                "question": "https://myways-test-questions.s3.ap-south-1.amazonaws.com/mathematicalReasoning/10.PNG"
            },
            {
                "questionNumber": "11",
                "question": "https://myways-test-questions.s3.ap-south-1.amazonaws.com/mathematicalReasoning/11.PNG"
            },
            {
                "questionNumber": "12",
                "question": "https://myways-test-questions.s3.ap-south-1.amazonaws.com/mathematicalReasoning/12.PNG"
            },
            {
                "questionNumber": "13",
                "question": "https://myways-test-questions.s3.ap-south-1.amazonaws.com/mathematicalReasoning/13.PNG"
            },
            {
                "questionNumber": "14",
                "question": "https://myways-test-questions.s3.ap-south-1.amazonaws.com/mathematicalReasoning/14.PNG"
            },
            {
                "questionNumber": "15",
                "question": "https://myways-test-questions.s3.ap-south-1.amazonaws.com/mathematicalReasoning/15.PNG"
            },
            {
                "questionNumber": "16",
                "question": "https://myways-test-questions.s3.ap-south-1.amazonaws.com/mathematicalReasoning/16.PNG"
            },
            {
                "questionNumber": "17",
                "question": "https://myways-test-questions.s3.ap-south-1.amazonaws.com/mathematicalReasoning/17.PNG"
            },
            {
                "questionNumber": "18",
                "question": "https://myways-test-questions.s3.ap-south-1.amazonaws.com/mathematicalReasoning/18.PNG"
            },
            {
                "questionNumber": "19",
                "question": "https://myways-test-questions.s3.ap-south-1.amazonaws.com/mathematicalReasoning/19.PNG"
            },
            {
                "questionNumber": "20",
                "question": "https://myways-test-questions.s3.ap-south-1.amazonaws.com/mathematicalReasoning/20.PNG"
            },
            {
                "questionNumber": "21",
                "question": "https://myways-test-questions.s3.ap-south-1.amazonaws.com/mathematicalReasoning/21.PNG"
            },
            {
                "questionNumber": "22",
                "question": "https://myways-test-questions.s3.ap-south-1.amazonaws.com/mathematicalReasoning/22.PNG"
            },
            {
                "questionNumber": "23",
                "question": "https://myways-test-questions.s3.ap-south-1.amazonaws.com/mathematicalReasoning/23.PNG"
            },
            {
                "questionNumber": "24",
                "question": "https://myways-test-questions.s3.ap-south-1.amazonaws.com/mathematicalReasoning/24.PNG"
            },
            {
                "questionNumber": "25",
                "question": "https://myways-test-questions.s3.ap-south-1.amazonaws.com/mathematicalReasoning/25.PNG"
            },
            {
                "questionNumber": "26",
                "question": "https://myways-test-questions.s3.ap-south-1.amazonaws.com/mathematicalReasoning/26.PNG"
            },
            {
                "questionNumber": "27",
                "question": "https://myways-test-questions.s3.ap-south-1.amazonaws.com/mathematicalReasoning/27.PNG"
            },
            {
                "questionNumber": "28",
                "question": "https://myways-test-questions.s3.ap-south-1.amazonaws.com/mathematicalReasoning/28.PNG"
            },
            {
                "questionNumber": "29",
                "question": "https://myways-test-questions.s3.ap-south-1.amazonaws.com/mathematicalReasoning/29.PNG"
            }
        ]
    },
    {
        "assesmentType": "writtenComprehension",
        "questions": []
    }
]